target_class,library_size,assayed_count,assay_fraction,scaffold_count,assayed_scaffold_count,scaffold_coverage_fraction
furin,5802,300,0.05170630816959669,4155,248,0.059687123947051744
fasn,5753,300,0.052146706066400136,4396,249,0.05664240218380346
pa,5700,431,0.0756140350877193,4327,353,0.0815807718973885
na,5313,828,0.15584415584415584,3847,591,0.15362620223550819
