summary_level,dataset_label,dataset_display,strain_pair,n,spearman,mae,oof_compounds,complete_oof_triplets,incomplete_oof_compounds,final_triplets
dataset,na,NA,all,470,0.5454032323243686,0.3351697872340426,828,62,766,1141
pair,na,NA,H3N2 - H5N1,146,0.6570875501096738,0.3262417808219178,828,62,766,1141
pair,na,NA,pH1N1 - H3N2,172,0.5924528813608317,0.3325383720930233,828,62,766,1141
pair,na,NA,pH1N1 - H5N1,152,0.429760369057908,0.34672302631578955,828,62,766,1141
dataset,pa,PA,all,1202,-0.4953311836825394,0.6239472545757071,430,399,31,1140
pair,pa,PA,H3N2 - H5N1,404,-0.45965366950205294,0.6431586633663366,430,399,31,1140
pair,pa,PA,pH1N1 - H3N2,399,-0.4878636728950073,0.5979897243107769,430,399,31,1140
pair,pa,PA,pH1N1 - H5N1,399,-0.5157305252862427,0.6304526315789474,430,399,31,1140
